title,text,label
Breaking: Celebrity's Secret Revealed!,This shocking celebrity secret will blow your mind. Click here to see what they were hiding for years. Unbelievable photos inside!,0
Top 10 Shocking Facts,Doctors hate this one weird trick. This secret ingredient can cure all diseases. Big pharmaceutical companies don't want you to know!,0
Urgent Warning: Health Crisis,URGENT: This common food is POISONING your family. The government doesn't want you to know. Share this before it gets deleted!,0
Miracle Cure Found,Scientists discovered this 100% natural cure that will change everything. Big Pharma is trying to suppress this information.,0
You Won't Believe This,You will not believe what happened next. This video has been viewed 50 million times. Facebook is trying to hide it.,0
COVID-19 Conspiracy,New evidence proves COVID was manufactured in a lab by global elites. Do your own research before it's too late!,0
Election Fraud Claims,Numerous irregularities detected in voting process. Insiders claim massive fraud orchestrated at highest levels.,0
Celebrity Death Hoax,Famous singer reported dead but the mainstream media is covering it up. The truth will shock you.,0
Health Agency Exposed,Government health agency accused of covering up dangerous vaccine side effects in secret meetings.,0
Tech Giant Conspiracy,Tech billionaires planning world takeover through microchip implants in vaccines.,0
Real News: Climate Report Released,Scientists Release Comprehensive Climate Change Report,1
Study Confirms Exercise Benefits,New Research Shows 30 Minutes of Daily Exercise Reduces Disease Risk,1
Local Community Develops Clean Water Project,Town Implements Innovative Water Purification System for Rural Areas,1
Medical Breakthrough Announced,Researchers Develop New Treatment for Rare Disease After 10 Years of Study,1
Government Releases Education Statistics,Education Department Reports Improved School Performance in Annual Report,1
International Trade Agreement Signed,Countries Reach Agreement on Fair Trade Practices and Economic Cooperation,1
Sports Champion Wins Olympic Medal,Athlete Wins Gold Medal in Hard-Fought Competition at International Games,1
University Research Grants Awarded,Leading Universities Receive Funding for Environmental Research Projects,1
City Infrastructure Improvements Completed,New Highway and Bridge Completed Ahead of Schedule Within Budget,1
Public Health Initiative Launches,Government Launches Vaccination Campaign Reaching Remote Communities,1
Farm Production Increases,Sustainable Farming Methods Increase Crop Yield by 25 Percent,1
Regional Job Creation Program,Technology Hub Creates 500 Jobs in Developing Region,1
Hospital Adds New Department,Advanced Surgical Center Opens at Local Hospital Offering Latest Treatment,1
Parliament Passes Education Reform,Legislation Improves School Funding and Student Support Programs,1
Wildlife Conservation Success,Protected Forest Area Sees 30 Percent Increase in Endangered Species Population,1
